{
    "gameObjects": [
        {
            "objectName": "Cube (1)",
            "position": {
                "x": 11.630977630615235,
                "y": 0.0,
                "z": 6.136650085449219
            },
            "rotation": {
                "x": 0.0,
                "y": 0.0,
                "z": 0.0
            },
            "scale": {
                "x": 1.0,
                "y": 1.0,
                "z": 1.0
            }
        },
        {
            "objectName": "Cube",
            "position": {
                "x": 16.384750366210939,
                "y": 59.443870544433597,
                "z": -1.5314407348632813
            },
            "rotation": {
                "x": 0.0,
                "y": 0.0,
                "z": 0.0
            },
            "scale": {
                "x": 1.0,
                "y": 1.0,
                "z": 1.0
            }
        }
    ]
}