{
    "gameObjects": [
        {
            "objectName": "Cube",
            "position": {
                "x": 25.636676788330079,
                "y": 0.0,
                "z": -72.712646484375
            },
            "rotation": {
                "x": 0.0,
                "y": 0.0,
                "z": 0.0
            },
            "scale": {
                "x": 1.0,
                "y": 1.0,
                "z": 1.0
            }
        },
        {
            "objectName": "dead_trees",
            "position": {
                "x": 1.5332717895507813,
                "y": 0.0,
                "z": 19.99054718017578
            },
            "rotation": {
                "x": 0.0,
                "y": 0.0,
                "z": 0.0
            },
            "scale": {
                "x": 1.0,
                "y": 1.0,
                "z": 1.0
            }
        }
    ]
}